{"train": [0.8588497609861435, 0.6217661442295197, 0.43521096677549426, 0.3744000489673307, 0.3633695802380962], "validation": [0.9241284045480913, 0.6500850665953851, 0.4690473334443185, 0.4103812665468262, 0.3913432107337059]}