{"train": [0.7772452369812997, 0.5078996352611049, 0.44347860928504695, 0.44210653968395724, 0.4457197545036193, 0.45174836006856733, 0.45286415228920596, 0.4453074033221891, 0.4385235405737354, 0.4492884451343167], "validation": [0.7927490989527395, 0.6103734427522267, 0.5236189713281009, 0.5207638118055559, 0.5091169469298855, 0.5118665260172659, 0.513983627240504, 0.5046737768477009, 0.504711746688812, 0.4944382958835171]}