{"train": [0.5912192612886429, 0.20074417679147286, 0.14327175127850336, 0.12655323235826058, 0.11171933094208891, 0.1026015322740105, 0.09672501492737369, 0.08878780740567228, 0.0809867786751552, 0.07375895282761617], "validation": [0.45830183213746006, 0.2706519475058568, 0.19618188644844023, 0.1740296963940967, 0.16405375456352803, 0.15432718086098743, 0.14802262868562882, 0.14671392122876237, 0.1360493667518974, 0.12440069611395964]}