{"train": [0.5922406228843989, 0.40535940278624727, 0.2760539006409344, 0.21279227313975435, 0.1386312080444335], "validation": [0.6472006095328403, 0.4396610926504424, 0.31726562654142093, 0.1913894067484989, 0.11063139211177957]}